<?xml version="1.0" encoding="UTF-8" standalone="yes"?>
<addon id="plugin.addon.test" name="Full TV" version="0.0.1" provider-name="You">
  <requires>
    <import addon="xbmc.python" version="2.1.0"/>
  </requires>
  <extension point="xbmc.python.pluginsource" library="main.py">
    <provides>video</provides>
  </extension>
  <extension point="xbmc.addon.metadata">
    <summary lang="es-es">blalbalala</summary>
    <description lang="es-es">Ver Canales de TV, Películs y Series gratis</description>
  </extension>
</addon>