<?xml version="1.0" encoding="UTF-8" standalone="yes"?>
<addon id="plugin.video.disneyjunior"
	name="Disney Junior"
	version="1.0.0"
	provider-name="tvalacarta">
  <requires>
    <import addon="xbmc.python" version="2.0"/>
    <import addon="plugin.video.youtube" version="3.0.0"/>
  </requires>
  <extension point="xbmc.python.pluginsource" library="default.py">
    <provides>video</provides>
  </extension>
  <extension point="xbmc.addon.metadata">
    <summary lang="en">Disney Junior</summary>
    <description lang="en">Watch online Disney Junior videos (spanish)</description>
    <summary lang="es">Disney Junior</summary>
    <description lang="es">Todos los vídeos de Disney Junior online en Español</description>
    <platform>all</platform>
  </extension>
</addon>
